,x,LEG,LEG-TV,LIME,CShap,KernelSHAP,GradCam
0,0,0.005005005005005005,0.002002002002002002,0.001001001001001001,0.002002002002002002,0.008008008008008008,0.005005005005005005
1,1,0.024024024024024024,0.03003003003003003,0.03403403403403403,0.014014014014014014,0.03803803803803804,0.001001001001001001
2,2,0.022022022022022022,0.001001001001001001,0.02702702702702703,0.0940940940940941,0.009009009009009009,0.024024024024024024
3,3,0.13313313313313313,0.14814814814814814,0.06706706706706707,0.12112112112112113,0.1041041041041041,0.2082082082082082
4,4,0.14414414414414414,0.03003003003003003,0.015015015015015015,0.02102102102102102,0.03203203203203203,0.014014014014014014
5,5,0.17317317317317318,0.15515515515515516,0.24924924924924924,0.5495495495495496,0.15115115115115116,0.16116116116116116
6,6,0.02702702702702703,0.012012012012012012,0.037037037037037035,0.11811811811811812,0.03403403403403403,0.022022022022022022
7,7,0.050050050050050046,0.14414414414414414,0.02102102102102102,0.12912912912912913,0.044044044044044044,0.009009009009009009
8,8,0.023023023023023025,0.06806806806806806,0.01001001001001001,0.02702702702702703,0.005005005005005005,0.014014014014014014
9,9,0.001001001001001001,0.004004004004004004,0.002002002002002002,0.008008008008008008,0.012012012012012012,0.007007007007007007
10,10,0.001001001001001001,0.008008008008008008,0.013013013013013013,0.008008008008008008,0.006006006006006006,0.015015015015015015
11,11,0.06906906906906907,0.02102102102102102,0.005005005005005005,0.014014014014014014,0.03003003003003003,0.022022022022022022
12,12,0.0890890890890891,0.04104104104104104,0.04004004004004004,0.14714714714714713,0.05305305305305305,0.07307307307307308
13,13,0.06406406406406406,0.001001001001001001,0.08008008008008008,0.018018018018018018,0.005005005005005005,0.009009009009009009
14,14,0.05405405405405406,0.04704704704704705,0.012012012012012012,0.04104104104104104,0.02702702702702703,0.012012012012012012
15,15,0.18118118118118118,0.3353353353353353,0.08708708708708708,0.4244244244244244,0.14714714714714713,0.27627627627627627
16,16,0.001001001001001001,0.005005005005005005,0.001001001001001001,0.003003003003003003,0.009009009009009009,0.001001001001001001
17,17,0.044044044044044044,0.03803803803803804,0.14814814814814814,0.031031031031031032,0.03303303303303303,0.07207207207207207
18,18,0.003003003003003003,0.011011011011011011,0.001001001001001001,0.009009009009009009,0.002002002002002002,0.002002002002002002
19,19,0.003003003003003003,0.004004004004004004,0.003003003003003003,0.005005005005005005,0.014014014014014014,0.007007007007007007
20,20,0.035035035035035036,0.04104104104104104,0.13213213213213212,0.07907907907907907,0.06306306306306306,0.018018018018018018
21,21,0.011011011011011011,0.013013013013013013,0.023023023023023025,0.06106106106106106,0.026026026026026026,0.06806806806806806
22,22,0.12312312312312312,0.06006006006006006,0.5745745745745746,0.2042042042042042,0.16916916916916916,0.22122122122122123
23,23,0.001001001001001001,0.001001001001001001,0.001001001001001001,0.001001001001001001,0.001001001001001001,0.002002002002002002
24,24,0.025025025025025023,0.05205205205205205,0.01901901901901902,0.11811811811811812,0.06306306306306306,0.04004004004004004
25,25,0.029029029029029027,0.029029029029029027,0.04204204204204204,0.03303303303303303,0.01901901901901902,0.025025025025025023
26,26,0.012012012012012012,0.035035035035035036,0.07407407407407407,0.016016016016016016,0.02002002002002002,0.022022022022022022
27,27,0.03303303303303303,0.08508508508508508,0.028028028028028028,0.022022022022022022,0.003003003003003003,0.015015015015015015
28,28,0.014014014014014014,0.005005005005005005,0.002002002002002002,0.006006006006006006,0.004004004004004004,0.002002002002002002
29,29,0.005005005005005005,0.004004004004004004,0.002002002002002002,0.001001001001001001,0.002002002002002002,0.001001001001001001
30,30,0.029029029029029027,0.02002002002002002,0.01001001001001001,0.035035035035035036,0.025025025025025023,0.023023023023023025
31,31,0.08608608608608609,0.10710710710710711,0.3563563563563564,0.06906906906906907,0.1031031031031031,0.0970970970970971
32,32,0.005005005005005005,0.018018018018018018,0.02702702702702703,0.031031031031031032,0.006006006006006006,0.003003003003003003
33,33,0.07407407407407407,0.2092092092092092,0.036036036036036036,0.08308308308308308,0.056056056056056056,0.05105105105105105
34,34,0.004004004004004004,0.017017017017017015,0.002002002002002002,0.001001001001001001,0.001001001001001001,0.004004004004004004
35,35,0.007007007007007007,0.03803803803803804,0.1031031031031031,0.15415415415415415,0.050050050050050046,0.014014014014014014
36,36,0.06806806806806806,0.14214214214214213,0.14214214214214213,0.26626626626626626,0.11911911911911911,0.24724724724724725
37,37,0.24824824824824826,0.24024024024024024,0.05905905905905906,0.15715715715715717,0.07407407407407407,0.4984984984984985
38,38,0.24224224224224225,0.2222222222222222,0.3353353353353353,0.2782782782782783,0.1941941941941942,0.23823823823823823
39,39,0.13313313313313313,0.13013013013013014,0.026026026026026026,0.15215215215215216,0.04904904904904905,0.1781781781781782
40,40,0.008008008008008008,0.01001001001001001,0.014014014014014014,0.014014014014014014,0.05405405405405406,0.06106106106106106
41,41,0.005005005005005005,0.003003003003003003,0.001001001001001001,0.001001001001001001,0.001001001001001001,0.001001001001001001
42,42,0.022022022022022022,0.015015015015015015,0.02002002002002002,0.028028028028028028,0.043043043043043044,0.036036036036036036
43,43,0.04604604604604605,0.005005005005005005,0.003003003003003003,0.04804804804804805,0.003003003003003003,0.006006006006006006
44,44,0.004004004004004004,0.001001001001001001,0.001001001001001001,0.002002002002002002,0.002002002002002002,0.002002002002002002
45,45,0.13813813813813813,0.11611611611611611,0.057057057057057055,0.1891891891891892,0.03003003003003003,0.024024024024024024
46,46,0.007007007007007007,0.001001001001001001,0.002002002002002002,0.012012012012012012,0.012012012012012012,0.011011011011011011
47,47,0.03303303303303303,0.003003003003003003,0.001001001001001001,0.003003003003003003,0.002002002002002002,0.011011011011011011
48,48,0.02002002002002002,0.01901901901901902,0.04604604604604605,0.06806806806806806,0.07607607607607608,0.05105105105105105
49,49,0.003003003003003003,0.016016016016016016,0.10710710710710711,0.16616616616616617,0.09309309309309309,0.1921921921921922
50,50,0.03403403403403403,0.035035035035035036,0.05905905905905906,0.012012012012012012,0.005005005005005005,0.006006006006006006
51,51,0.04904904904904905,0.05305305305305305,0.03803803803803804,0.07507507507507508,0.028028028028028028,0.11711711711711711
52,52,0.024024024024024024,0.035035035035035036,0.05205205205205205,0.009009009009009009,0.03003003003003003,0.02102102102102102
53,53,0.025025025025025023,0.01901901901901902,0.007007007007007007,0.11311311311311312,0.03203203203203203,0.012012012012012012
54,54,0.006006006006006006,0.003003003003003003,0.005005005005005005,0.004004004004004004,0.008008008008008008,0.004004004004004004
55,55,0.0980980980980981,0.08108108108108109,0.2042042042042042,0.16816816816816815,0.1111111111111111,0.0980980980980981
56,56,0.006006006006006006,0.004004004004004004,0.002002002002002002,0.001001001001001001,0.001001001001001001,0.001001001001001001
57,57,0.14114114114114115,0.062062062062062065,0.15115115115115116,0.2082082082082082,0.08108108108108109,0.17517517517517517
58,58,0.15215215215215216,0.14614614614614616,0.03403403403403403,0.34234234234234234,0.15415415415415415,0.12512512512512514
59,59,0.24224224224224225,0.13613613613613612,0.3003003003003003,0.2062062062062062,0.2272272272272272,0.3353353353353353
60,60,0.07707707707707707,0.11811811811811812,0.06406406406406406,0.22922922922922923,0.01901901901901902,0.07907907907907907
61,61,0.012012012012012012,0.017017017017017015,0.002002002002002002,0.04904904904904905,0.01901901901901902,0.08008008008008008
62,62,0.3083083083083083,0.16016016016016016,0.12012012012012012,0.4194194194194194,0.25625625625625625,0.7017017017017017
63,63,0.006006006006006006,0.009009009009009009,0.002002002002002002,0.006006006006006006,0.008008008008008008,0.006006006006006006
64,64,0.01901901901901902,0.01901901901901902,0.03303303303303303,0.08308308308308308,0.05105105105105105,0.08708708708708708
65,65,0.1021021021021021,0.12512512512512514,0.0920920920920921,0.2752752752752753,0.10510510510510511,0.11511511511511512
66,66,0.28928928928928926,0.23823823823823823,0.09109109109109109,0.15915915915915915,0.07507507507507508,0.06806806806806806
67,67,0.3133133133133133,0.3433433433433433,0.35835835835835833,0.6956956956956957,0.6606606606606606,0.6746746746746747
68,68,0.001001001001001001,0.001001001001001001,0.001001001001001001,0.001001001001001001,0.001001001001001001,0.005005005005005005
69,69,0.058058058058058054,0.031031031031031032,0.013013013013013013,0.08108108108108109,0.036036036036036036,0.1991991991991992
70,70,0.007007007007007007,0.02102102102102102,0.004004004004004004,0.08608608608608609,0.006006006006006006,0.03303303303303303
71,71,0.012012012012012012,0.023023023023023025,0.002002002002002002,0.005005005005005005,0.006006006006006006,0.013013013013013013
72,72,0.008008008008008008,0.009009009009009009,0.004004004004004004,0.001001001001001001,0.002002002002002002,0.002002002002002002
73,73,0.004004004004004004,0.002002002002002002,0.002002002002002002,0.029029029029029027,0.014014014014014014,0.008008008008008008
74,74,0.13313313313313313,0.04804804804804805,0.062062062062062065,0.07907907907907907,0.07307307307307308,0.03003003003003003
75,75,0.0920920920920921,0.02002002002002002,0.006006006006006006,0.0920920920920921,0.02102102102102102,0.031031031031031032
76,76,0.11311311311311312,0.07507507507507508,0.12012012012012012,0.25825825825825827,0.15015015015015015,0.34034034034034033
77,77,0.001001001001001001,0.003003003003003003,0.001001001001001001,0.02102102102102102,0.003003003003003003,0.005005005005005005
78,78,0.013013013013013013,0.005005005005005005,0.01001001001001001,0.03903903903903904,0.01001001001001001,0.008008008008008008
79,79,0.011011011011011011,0.007007007007007007,0.003003003003003003,0.02102102102102102,0.009009009009009009,0.05105105105105105
80,80,0.008008008008008008,0.011011011011011011,0.11411411411411411,0.004004004004004004,0.011011011011011011,0.015015015015015015
81,81,0.01901901901901902,0.004004004004004004,0.003003003003003003,0.12412412412412413,0.024024024024024024,0.024024024024024024
82,82,0.003003003003003003,0.002002002002002002,0.001001001001001001,0.001001001001001001,0.001001001001001001,0.001001001001001001
83,83,0.031031031031031032,0.07407407407407407,0.16516516516516516,0.1871871871871872,0.03203203203203203,0.09009009009009009
84,84,0.050050050050050046,0.0920920920920921,0.05905905905905906,0.06506506506506507,0.06706706706706707,0.06506506506506507
85,85,0.1041041041041041,0.3303303303303303,0.04104104104104104,0.08408408408408408,0.031031031031031032,0.024024024024024024
86,86,0.11011011011011011,0.08608608608608609,0.06406406406406406,0.12712712712712712,0.15815815815815815,0.2952952952952953
87,87,0.03003003003003003,0.025025025025025023,0.13013013013013014,0.06906906906906907,0.04704704704704705,0.02702702702702703
88,88,0.34434434434434436,0.3783783783783784,0.35535535535535534,0.4194194194194194,0.3483483483483483,0.4974974974974975
89,89,0.02702702702702703,0.023023023023023025,0.017017017017017015,0.03003003003003003,0.011011011011011011,0.007007007007007007
90,90,0.007007007007007007,0.009009009009009009,0.006006006006006006,0.005005005005005005,0.007007007007007007,0.025025025025025023
91,91,0.029029029029029027,0.02002002002002002,0.025025025025025023,0.024024024024024024,0.016016016016016016,0.015015015015015015
92,92,0.07307307307307308,0.0990990990990991,0.06406406406406406,0.16716716716716717,0.13913913913913914,0.20020020020020018
93,93,0.001001001001001001,0.002002002002002002,0.02002002002002002,0.003003003003003003,0.012012012012012012,0.01001001001001001
94,94,0.06806806806806806,0.01901901901901902,0.04704704704704705,0.018018018018018018,0.023023023023023025,0.036036036036036036
95,95,0.006006006006006006,0.006006006006006006,0.023023023023023025,0.012012012012012012,0.01901901901901902,0.01001001001001001
96,96,0.03303303303303303,0.025025025025025023,0.044044044044044044,0.0890890890890891,0.01001001001001001,0.06406406406406406
97,97,0.002002002002002002,0.003003003003003003,0.005005005005005005,0.001001001001001001,0.017017017017017015,0.001001001001001001
98,98,0.016016016016016016,0.005005005005005005,0.014014014014014014,0.026026026026026026,0.006006006006006006,0.018018018018018018
99,99,0.037037037037037035,0.024024024024024024,0.025025025025025023,0.007007007007007007,0.03003003003003003,0.02102102102102102
100,100,0.10710710710710711,0.043043043043043044,0.011011011011011011,0.009009009009009009,0.03303303303303303,0.001001001001001001
101,101,0.014014014014014014,0.015015015015015015,0.02102102102102102,0.025025025025025023,0.04704704704704705,0.003003003003003003
102,102,0.022022022022022022,0.04104104104104104,0.017017017017017015,0.05105105105105105,0.017017017017017015,0.07007007007007007
103,103,0.009009009009009009,0.01901901901901902,0.003003003003003003,0.001001001001001001,0.001001001001001001,0.001001001001001001
104,104,0.008008008008008008,0.005005005005005005,0.011011011011011011,0.02102102102102102,0.007007007007007007,0.005005005005005005
105,105,0.17917917917917917,0.14014014014014015,0.23923923923923923,0.24924924924924924,0.17517517517517517,0.34434434434434436
106,106,0.02102102102102102,0.011011011011011011,0.15415415415415415,0.3363363363363363,0.13413413413413414,0.058058058058058054
107,107,0.16616616616616617,0.03403403403403403,0.022022022022022022,0.14614614614614616,0.004004004004004004,0.018018018018018018
108,108,0.06006006006006006,0.023023023023023025,0.018018018018018018,0.06106106106106106,0.04104104104104104,0.23323323323323322
109,109,0.001001001001001001,0.002002002002002002,0.001001001001001001,0.012012012012012012,0.004004004004004004,0.008008008008008008
110,110,0.11311311311311312,0.1981981981981982,0.02702702702702703,0.17117117117117117,0.1091091091091091,0.043043043043043044
111,111,0.04104104104104104,0.14114114114114115,0.015015015015015015,0.16216216216216217,0.014014014014014014,0.02102102102102102
112,112,0.029029029029029027,0.04104104104104104,0.07007007007007007,0.012012012012012012,0.01901901901901902,0.015015015015015015
113,113,0.012012012012012012,0.004004004004004004,0.004004004004004004,0.003003003003003003,0.007007007007007007,0.025025025025025023
114,114,0.004004004004004004,0.003003003003003003,0.007007007007007007,0.007007007007007007,0.002002002002002002,0.008008008008008008
115,115,0.15015015015015015,0.11711711711711711,0.5525525525525525,0.2072072072072072,0.12112112112112113,0.3843843843843844
116,116,0.006006006006006006,0.004004004004004004,0.013013013013013013,0.06306306306306306,0.009009009009009009,0.004004004004004004
117,117,0.022022022022022022,0.003003003003003003,0.003003003003003003,0.002002002002002002,0.003003003003003003,0.002002002002002002
118,118,0.001001001001001001,0.044044044044044044,0.002002002002002002,0.002002002002002002,0.001001001001001001,0.009009009009009009
119,119,0.006006006006006006,0.001001001001001001,0.001001001001001001,0.001001001001001001,0.002002002002002002,0.004004004004004004
120,120,0.15615615615615616,0.22022022022022023,0.16416416416416416,0.23923923923923923,0.09309309309309309,0.17617617617617617
121,121,0.07707707707707707,0.09309309309309309,0.13813813813813813,0.12312312312312312,0.13413413413413414,0.12512512512512514
122,122,0.013013013013013013,0.014014014014014014,0.037037037037037035,0.04704704704704705,0.01901901901901902,0.026026026026026026
123,123,0.002002002002002002,0.015015015015015015,0.014014014014014014,0.09309309309309309,0.003003003003003003,0.01001001001001001
124,124,0.14514514514514515,0.08108108108108109,0.2682682682682683,0.3163163163163163,0.07707707707707707,0.06406406406406406
125,125,0.001001001001001001,0.001001001001001001,0.002002002002002002,0.008008008008008008,0.06606606606606606,0.004004004004004004
126,126,0.3683683683683684,0.25325325325325326,0.1031031031031031,0.24424424424424424,0.15215215215215216,0.36736736736736736
127,127,0.16016016016016016,0.23123123123123124,0.20020020020020018,0.2682682682682683,0.2772772772772773,0.23923923923923923
128,128,0.017017017017017015,0.014014014014014014,0.012012012012012012,0.011011011011011011,0.013013013013013013,0.013013013013013013
129,129,0.02002002002002002,0.04504504504504504,0.06406406406406406,0.04804804804804805,0.03403403403403403,0.08108108108108109
130,130,0.017017017017017015,0.009009009009009009,0.003003003003003003,0.015015015015015015,0.02002002002002002,0.02102102102102102
131,131,0.05405405405405406,0.058058058058058054,0.012012012012012012,0.08008008008008008,0.05105105105105105,0.1031031031031031
132,132,0.07107107107107107,0.008008008008008008,0.12212212212212212,0.14114114114114115,0.06906906906906907,0.6196196196196196
133,133,0.28928928928928926,0.26326326326326327,0.2552552552552553,0.2832832832832833,0.21021021021021022,0.24524524524524524
134,134,0.03003003003003003,0.022022022022022022,0.3133133133133133,0.08708708708708708,0.03903903903903904,0.11611611611611611
135,135,0.024024024024024024,0.006006006006006006,0.005005005005005005,0.001001001001001001,0.028028028028028028,0.002002002002002002
136,136,0.14614614614614616,0.23023023023023023,0.24224224224224225,0.4184184184184184,0.32232232232232233,0.32932932932932935
137,137,0.33433433433433435,0.24324324324324323,0.34434434434434436,0.04504504504504504,0.02702702702702703,0.07507507507507508
138,138,0.1021021021021021,0.11611611611611611,0.07807807807807808,0.06606606606606606,0.057057057057057055,0.08008008008008008
139,139,0.7967967967967968,0.8918918918918919,0.14714714714714713,0.5745745745745746,0.04004004004004004,0.24624624624624625
140,140,0.026026026026026026,0.06806806806806806,0.014014014014014014,0.02702702702702703,0.03403403403403403,0.03903903903903904
141,141,0.03903903903903904,0.029029029029029027,0.01001001001001001,0.02102102102102102,0.05305305305305305,0.02702702702702703
142,142,0.08808808808808809,0.1041041041041041,0.17217217217217218,0.13313313313313313,0.07707707707707707,0.2272272272272272
143,143,0.06306306306306306,0.10510510510510511,0.1871871871871872,0.17617617617617617,0.08608608608608609,0.44744744744744747
144,144,0.06706706706706707,0.04904904904904905,0.04604604604604605,0.006006006006006006,0.035035035035035036,0.014014014014014014
145,145,0.0980980980980981,0.03003003003003003,0.008008008008008008,0.03203203203203203,0.02102102102102102,0.036036036036036036
146,146,0.002002002002002002,0.002002002002002002,0.002002002002002002,0.002002002002002002,0.001001001001001001,0.018018018018018018
147,147,0.005005005005005005,0.004004004004004004,0.006006006006006006,0.04104104104104104,0.028028028028028028,0.005005005005005005
148,148,0.06806806806806806,0.17917917917917917,0.06506506506506507,0.06806806806806806,0.1021021021021021,0.09009009009009009
149,149,0.001001001001001001,0.001001001001001001,0.011011011011011011,0.024024024024024024,0.023023023023023025,0.002002002002002002
150,150,0.13313313313313313,0.16116116116116116,0.21521521521521522,0.017017017017017015,0.062062062062062065,0.04504504504504504
151,151,0.003003003003003003,0.011011011011011011,0.05105105105105105,0.009009009009009009,0.003003003003003003,0.006006006006006006
152,152,0.004004004004004004,0.003003003003003003,0.004004004004004004,0.050050050050050046,0.002002002002002002,0.002002002002002002
153,153,0.04504504504504504,0.011011011011011011,0.03803803803803804,0.04904904904904905,0.013013013013013013,0.025025025025025023
154,154,0.11411411411411411,0.13013013013013014,0.10710710710710711,0.1981981981981982,0.15815815815815815,0.23123123123123124
155,155,0.008008008008008008,0.009009009009009009,0.014014014014014014,0.03803803803803804,0.024024024024024024,0.08008008008008008
156,156,0.12712712712712712,0.16816816816816815,0.09109109109109109,0.11811811811811812,0.1031031031031031,0.08408408408408408
157,157,0.008008008008008008,0.03303303303303303,0.036036036036036036,0.03003003003003003,0.04804804804804805,0.025025025025025023
158,158,0.16416416416416416,0.1881881881881882,0.1061061061061061,0.006006006006006006,0.018018018018018018,0.017017017017017015
159,159,0.13413413413413414,0.11711711711711711,0.03303303303303303,0.24424424424424424,0.02102102102102102,0.022022022022022022
160,160,0.07407407407407407,0.035035035035035036,0.04604604604604605,0.05205205205205205,0.035035035035035036,0.06506506506506507
161,161,0.9029029029029029,0.5665665665665666,0.025025025025025023,0.05405405405405406,0.06406406406406406,0.06506506506506507
162,162,0.005005005005005005,0.003003003003003003,0.026026026026026026,0.14414414414414414,0.07807807807807808,0.06306306306306306
163,163,0.002002002002002002,0.001001001001001001,0.001001001001001001,0.001001001001001001,0.001001001001001001,0.001001001001001001
164,164,0.27627627627627627,0.17217217217217218,0.7767767767767768,0.25325325325325326,0.18618618618618618,0.1031031031031031
165,165,0.028028028028028028,0.056056056056056056,0.15215215215215216,0.15215215215215216,0.07107107107107107,0.13713713713713713
166,166,0.04004004004004004,0.04104104104104104,0.03203203203203203,0.04004004004004004,0.026026026026026026,0.07207207207207207
167,167,0.029029029029029027,0.018018018018018018,0.06806806806806806,0.02002002002002002,0.017017017017017015,0.06306306306306306
168,168,0.11011011011011011,0.05405405405405406,0.1061061061061061,0.14414414414414414,0.05305305305305305,0.024024024024024024
169,169,0.03203203203203203,0.037037037037037035,0.056056056056056056,0.23423423423423423,0.07007007007007007,0.07607607607607608
170,170,0.025025025025025023,0.03203203203203203,0.009009009009009009,0.06506506506506507,0.05905905905905906,0.018018018018018018
171,171,0.017017017017017015,0.035035035035035036,0.028028028028028028,0.022022022022022022,0.017017017017017015,0.01901901901901902
172,172,0.013013013013013013,0.015015015015015015,0.011011011011011011,0.03003003003003003,0.008008008008008008,0.002002002002002002
173,173,0.058058058058058054,0.044044044044044044,0.06906906906906907,0.06806806806806806,0.09009009009009009,0.0970970970970971
174,174,0.025025025025025023,0.023023023023023025,0.004004004004004004,0.03303303303303303,0.02102102102102102,0.017017017017017015
175,175,0.005005005005005005,0.009009009009009009,0.015015015015015015,0.006006006006006006,0.008008008008008008,0.008008008008008008
176,176,0.029029029029029027,0.014014014014014014,0.01901901901901902,0.09309309309309309,0.03403403403403403,0.011011011011011011
177,177,0.22622622622622623,0.20020020020020018,0.2772772772772773,0.3183183183183183,0.1891891891891892,0.23823823823823823
178,178,0.001001001001001001,0.003003003003003003,0.008008008008008008,0.004004004004004004,0.001001001001001001,0.001001001001001001
179,179,0.11211211211211211,0.05905905905905906,0.23323323323323322,0.06906906906906907,0.04604604604604605,0.035035035035035036
180,180,0.06306306306306306,0.023023023023023025,0.1891891891891892,0.13913913913913914,0.06606606606606606,0.03903903903903904
181,181,0.017017017017017015,0.03003003003003003,0.013013013013013013,0.011011011011011011,0.014014014014014014,0.01001001001001001
182,182,0.001001001001001001,0.006006006006006006,0.002002002002002002,0.003003003003003003,0.001001001001001001,0.037037037037037035
183,183,0.014014014014014014,0.026026026026026026,0.044044044044044044,0.04904904904904905,0.05305305305305305,0.043043043043043044
184,184,0.04104104104104104,0.035035035035035036,0.01001001001001001,0.13313313313313313,0.028028028028028028,0.037037037037037035
185,185,0.12912912912912913,0.12012012012012012,0.17417417417417416,0.34934934934934936,0.2172172172172172,0.24624624624624625
186,186,0.11211211211211211,0.029029029029029027,0.008008008008008008,0.004004004004004004,0.018018018018018018,0.006006006006006006
187,187,0.08508508508508508,0.057057057057057055,0.23423423423423423,0.16616616616616617,0.13013013013013014,0.14714714714714713
188,188,0.044044044044044044,0.0890890890890891,0.17017017017017017,0.17517517517517517,0.19019019019019018,0.2092092092092092
189,189,0.018018018018018018,0.04204204204204204,0.025025025025025023,0.08208208208208208,0.024024024024024024,0.012012012012012012
190,190,0.001001001001001001,0.003003003003003003,0.001001001001001001,0.007007007007007007,0.001001001001001001,0.002002002002002002
191,191,0.007007007007007007,0.024024024024024024,0.07807807807807808,0.15915915915915915,0.001001001001001001,0.014014014014014014
192,192,0.16316316316316315,0.11611611611611611,0.1021021021021021,0.12412412412412413,0.14114114114114115,0.18618618618618618
193,193,0.01901901901901902,0.06706706706706707,0.013013013013013013,0.06606606606606606,0.02002002002002002,0.07307307307307308
194,194,0.06606606606606606,0.1041041041041041,0.056056056056056056,0.11211211211211211,0.07007007007007007,0.09009009009009009
195,195,0.07807807807807808,0.09109109109109109,0.17117117117117117,0.07407407407407407,0.11011011011011011,0.08708708708708708
196,196,0.14714714714714713,0.12612612612612611,0.1921921921921922,0.30430430430430433,0.16716716716716717,0.25625625625625625
197,197,0.035035035035035036,0.017017017017017015,0.03203203203203203,0.055055055055055056,0.028028028028028028,0.013013013013013013
198,198,0.004004004004004004,0.003003003003003003,0.002002002002002002,0.003003003003003003,0.003003003003003003,0.002002002002002002
199,199,0.01001001001001001,0.026026026026026026,0.04004004004004004,0.031031031031031032,0.006006006006006006,0.018018018018018018
200,200,0.017017017017017015,0.015015015015015015,0.06006006006006006,0.11611611611611611,0.026026026026026026,0.06006006006006006
201,201,0.05405405405405406,0.04104104104104104,0.03403403403403403,0.12412412412412413,0.06106106106106106,0.08608608608608609
202,202,0.050050050050050046,0.031031031031031032,0.05205205205205205,0.062062062062062065,0.029029029029029027,0.04704704704704705
203,203,0.07707707707707707,0.09009009009009009,0.07207207207207207,0.34534534534534533,0.15815815815815815,0.2852852852852853
204,204,0.04904904904904905,0.08608608608608609,0.2092092092092092,0.22422422422422422,0.21521521521521522,0.2042042042042042
205,205,0.017017017017017015,0.013013013013013013,0.001001001001001001,0.002002002002002002,0.002002002002002002,0.001001001001001001
206,206,0.018018018018018018,0.011011011011011011,0.005005005005005005,0.011011011011011011,0.025025025025025023,0.012012012012012012
207,207,0.026026026026026026,0.028028028028028028,0.03803803803803804,0.012012012012012012,0.04804804804804805,0.015015015015015015
208,208,0.18218218218218218,0.16416416416416416,0.15215215215215216,0.31431431431431434,0.2772772772772773,0.15715715715715717
209,209,0.01901901901901902,0.003003003003003003,0.002002002002002002,0.001001001001001001,0.001001001001001001,0.001001001001001001
210,210,0.003003003003003003,0.004004004004004004,0.06606606606606606,0.005005005005005005,0.008008008008008008,0.017017017017017015
211,211,0.08708708708708708,0.062062062062062065,0.02002002002002002,0.10710710710710711,0.11511511511511512,0.056056056056056056
212,212,0.05105105105105105,0.1011011011011011,0.15015015015015015,0.12112112112112113,0.11711711711711711,0.12112112112112113
213,213,0.1921921921921922,0.11411411411411411,0.16216216216216217,0.14014014014014015,0.15015015015015015,0.0990990990990991
214,214,0.036036036036036036,0.025025025025025023,0.025025025025025023,0.11611611611611611,0.07207207207207207,0.18018018018018017
215,215,0.14414414414414414,0.27427427427427425,0.24524524524524524,0.12212212212212212,0.005005005005005005,0.2962962962962963
216,216,0.0920920920920921,0.06806806806806806,0.0940940940940941,0.33733733733733734,0.06106106106106106,0.1091091091091091
217,217,0.015015015015015015,0.01001001001001001,0.01001001001001001,0.007007007007007007,0.011011011011011011,0.05405405405405406
218,218,0.2962962962962963,0.32932932932932935,0.7067067067067067,0.4944944944944945,0.16716716716716717,0.27927927927927926
219,219,0.1881881881881882,0.34934934934934936,0.5955955955955956,0.25125125125125125,0.3233233233233233,0.19019019019019018
220,220,0.002002002002002002,0.002002002002002002,0.002002002002002002,0.002002002002002002,0.03003003003003003,0.001001001001001001
221,221,0.16516516516516516,0.15115115115115116,0.14314314314314314,0.3003003003003003,0.17717717717717718,0.24924924924924924
222,222,0.11611611611611611,0.07807807807807808,0.07207207207207207,0.14614614614614616,0.1841841841841842,0.13213213213213212
223,223,0.2082082082082082,0.23723723723723725,0.35035035035035034,0.22622622622622623,0.15615615615615616,0.15415415415415415
224,224,0.006006006006006006,0.016016016016016016,0.013013013013013013,0.02102102102102102,0.022022022022022022,0.018018018018018018
225,225,0.024024024024024024,0.02102102102102102,0.005005005005005005,0.06306306306306306,0.03003003003003003,0.14214214214214213
226,226,0.17617617617617617,0.16316316316316315,0.3913913913913914,0.1991991991991992,0.27127127127127126,0.19019019019019018
227,227,0.001001001001001001,0.001001001001001001,0.001001001001001001,0.004004004004004004,0.001001001001001001,0.03403403403403403
228,228,0.050050050050050046,0.06806806806806806,0.058058058058058054,0.26426426426426425,0.03203203203203203,0.1021021021021021
229,229,0.1831831831831832,0.2022022022022022,0.11411411411411411,0.11511511511511512,0.18518518518518517,0.4824824824824825
230,230,0.15915915915915915,0.14114114114114115,0.07407407407407407,0.06106106106106106,0.10010010010010009,0.06306306306306306
231,231,0.001001001001001001,0.003003003003003003,0.007007007007007007,0.014014014014014014,0.002002002002002002,0.006006006006006006
232,232,0.004004004004004004,0.006006006006006006,0.002002002002002002,0.001001001001001001,0.011011011011011011,0.001001001001001001
233,233,0.06006006006006006,0.05105105105105105,0.058058058058058054,0.07707707707707707,0.036036036036036036,0.19019019019019018
234,234,0.17917917917917917,0.2122122122122122,0.02102102102102102,0.24924924924924924,0.06406406406406406,0.18218218218218218
235,235,0.013013013013013013,0.009009009009009009,0.01001001001001001,0.005005005005005005,0.004004004004004004,0.004004004004004004
236,236,0.08008008008008008,0.06706706706706707,0.009009009009009009,0.025025025025025023,0.012012012012012012,0.02002002002002002
237,237,0.14214214214214213,0.2032032032032032,0.19019019019019018,0.23423423423423423,0.14414414414414414,0.16516516516516516
238,238,0.025025025025025023,0.014014014014014014,0.04604604604604605,0.07107107107107107,0.018018018018018018,0.02702702702702703
239,239,0.003003003003003003,0.001001001001001001,0.04904904904904905,0.006006006006006006,0.001001001001001001,0.005005005005005005
240,240,0.04104104104104104,0.056056056056056056,0.056056056056056056,0.4394394394394394,0.14314314314314314,0.3313313313313313
241,241,0.12012012012012012,0.1091091091091091,0.005005005005005005,0.018018018018018018,0.013013013013013013,0.013013013013013013
242,242,0.017017017017017015,0.016016016016016016,0.025025025025025023,0.01901901901901902,0.017017017017017015,0.008008008008008008
243,243,0.035035035035035036,0.031031031031031032,0.08608608608608609,0.15515515515515516,0.05105105105105105,0.029029029029029027
244,244,0.001001001001001001,0.005005005005005005,0.001001001001001001,0.002002002002002002,0.05405405405405406,0.008008008008008008
245,245,0.02702702702702703,0.03903903903903904,0.07407407407407407,0.0960960960960961,0.025025025025025023,0.044044044044044044
246,246,0.018018018018018018,0.01001001001001001,0.03303303303303303,0.011011011011011011,0.013013013013013013,0.008008008008008008
247,247,0.1061061061061061,0.026026026026026026,0.06906906906906907,0.04804804804804805,0.06006006006006006,0.13913913913913914
248,248,0.002002002002002002,0.008008008008008008,0.024024024024024024,0.007007007007007007,0.004004004004004004,0.001001001001001001
249,249,0.06006006006006006,0.07307307307307308,0.26726726726726724,0.12212212212212212,0.07607607607607608,0.13013013013013014
250,250,0.018018018018018018,0.01901901901901902,0.003003003003003003,0.002002002002002002,0.008008008008008008,0.007007007007007007
251,251,0.12812812812812813,0.0960960960960961,0.5415415415415415,0.4944944944944945,0.1881881881881882,0.15215215215215216
252,252,0.04704704704704705,0.015015015015015015,0.05205205205205205,0.04804804804804805,0.037037037037037035,0.036036036036036036
253,253,0.22422422422422422,0.24724724724724725,0.6096096096096096,0.35935935935935936,0.32232232232232233,0.19019019019019018
254,254,0.17717717717717718,0.036036036036036036,0.004004004004004004,0.029029029029029027,0.017017017017017015,0.03203203203203203
255,255,0.029029029029029027,0.022022022022022022,0.07207207207207207,0.03303303303303303,0.04504504504504504,0.08808808808808809
256,256,0.07107107107107107,0.0890890890890891,0.12212212212212212,0.11911911911911911,0.06406406406406406,0.03003003003003003
257,257,0.06806806806806806,0.06806806806806806,0.28428428428428426,0.27227227227227224,0.18118118118118118,0.17617617617617617
258,258,0.1971971971971972,0.21921921921921922,0.15015015015015015,0.14514514514514515,0.1061061061061061,0.16716716716716717
259,259,0.037037037037037035,0.057057057057057055,0.13413413413413414,0.09109109109109109,0.09509509509509509,0.11611611611611611
260,260,0.011011011011011011,0.001001001001001001,0.002002002002002002,0.004004004004004004,0.003003003003003003,0.001001001001001001
261,261,0.004004004004004004,0.004004004004004004,0.002002002002002002,0.003003003003003003,0.001001001001001001,0.015015015015015015
262,262,0.001001001001001001,0.001001001001001001,0.004004004004004004,0.005005005005005005,0.001001001001001001,0.002002002002002002
263,263,0.001001001001001001,0.001001001001001001,0.001001001001001001,0.017017017017017015,0.011011011011011011,0.004004004004004004
264,264,0.07207207207207207,0.0920920920920921,0.035035035035035036,0.05905905905905906,0.050050050050050046,0.058058058058058054
265,265,0.029029029029029027,0.03003003003003003,0.01901901901901902,0.006006006006006006,0.06106106106106106,0.013013013013013013
266,266,0.07907907907907907,0.0970970970970971,0.6136136136136137,0.25225225225225223,0.22122122122122123,0.3923923923923924
267,267,0.057057057057057055,0.03403403403403403,0.06606606606606606,0.11411411411411411,0.03303303303303303,0.03303303303303303
268,268,0.06806806806806806,0.09109109109109109,0.07207207207207207,0.06006006006006006,0.07407407407407407,0.05305305305305305
269,269,0.026026026026026026,0.014014014014014014,0.005005005005005005,0.08008008008008008,0.035035035035035036,0.07207207207207207
270,270,0.016016016016016016,0.01001001001001001,0.006006006006006006,0.024024024024024024,0.006006006006006006,0.007007007007007007
271,271,0.003003003003003003,0.001001001001001001,0.001001001001001001,0.02002002002002002,0.04704704704704705,0.001001001001001001
272,272,0.050050050050050046,0.12012012012012012,0.2062062062062062,0.1011011011011011,0.07607607607607608,0.0980980980980981
273,273,0.05405405405405406,0.07207207207207207,0.11511511511511512,0.036036036036036036,0.04004004004004004,0.06606606606606606
274,274,0.057057057057057055,0.07107107107107107,0.001001001001001001,0.01001001001001001,0.008008008008008008,0.013013013013013013
275,275,0.25625625625625625,0.22922922922922923,0.5255255255255256,0.2082082082082082,0.22022022022022023,0.4544544544544544
276,276,0.03403403403403403,0.037037037037037035,0.031031031031031032,0.013013013013013013,0.044044044044044044,0.028028028028028028
277,277,0.035035035035035036,0.050050050050050046,0.02002002002002002,0.13613613613613612,0.11911911911911911,0.2862862862862863
278,278,0.05905905905905906,0.18618618618618618,0.001001001001001001,0.001001001001001001,0.003003003003003003,0.002002002002002002
279,279,0.062062062062062065,0.03803803803803804,0.16416416416416416,0.14914914914914915,0.08308308308308308,0.13813813813813813
280,280,0.001001001001001001,0.003003003003003003,0.001001001001001001,0.001001001001001001,0.009009009009009009,0.003003003003003003
281,281,0.008008008008008008,0.002002002002002002,0.001001001001001001,0.002002002002002002,0.001001001001001001,0.001001001001001001
282,282,0.003003003003003003,0.008008008008008008,0.001001001001001001,0.015015015015015015,0.002002002002002002,0.006006006006006006
283,283,0.2122122122122122,0.10710710710710711,0.2112112112112112,0.08508508508508508,0.058058058058058054,0.08208208208208208
284,284,0.12512512512512514,0.14914914914914915,0.11211211211211211,0.2932932932932933,0.15915915915915915,0.15415415415415415
285,285,0.14514514514514515,0.16516516516516516,0.16616616616616617,0.39039039039039036,0.34934934934934936,0.3153153153153153
286,286,0.044044044044044044,0.06006006006006006,0.02002002002002002,0.0940940940940941,0.06506506506506507,0.0990990990990991
287,287,0.03203203203203203,0.017017017017017015,0.0920920920920921,0.018018018018018018,0.008008008008008008,0.011011011011011011
288,288,0.001001001001001001,0.002002002002002002,0.001001001001001001,0.001001001001001001,0.002002002002002002,0.001001001001001001
289,289,0.001001001001001001,0.001001001001001001,0.001001001001001001,0.001001001001001001,0.001001001001001001,0.001001001001001001
290,290,0.001001001001001001,0.001001001001001001,0.001001001001001001,0.001001001001001001,0.001001001001001001,0.01001001001001001
291,291,0.009009009009009009,0.014014014014014014,0.031031031031031032,0.036036036036036036,0.06406406406406406,0.03003003003003003
292,292,0.3263263263263263,0.21521521521521522,0.46046046046046046,0.4394394394394394,0.3263263263263263,0.29429429429429427
293,293,0.02702702702702703,0.028028028028028028,0.003003003003003003,0.022022022022022022,0.04204204204204204,0.03303303303303303
294,294,0.06606606606606606,0.03303303303303303,0.005005005005005005,0.11811811811811812,0.01901901901901902,0.09109109109109109
295,295,0.08108108108108109,0.03003003003003003,0.05905905905905906,0.19119119119119118,0.057057057057057055,0.12812812812812813
296,296,0.0940940940940941,0.03203203203203203,0.012012012012012012,0.06506506506506507,0.08408408408408408,0.08308308308308308
297,297,0.025025025025025023,0.08408408408408408,0.013013013013013013,0.05305305305305305,0.037037037037037035,0.1981981981981982
298,298,0.011011011011011011,0.01001001001001001,0.001001001001001001,0.004004004004004004,0.002002002002002002,0.006006006006006006
299,299,0.03903903903903904,0.06506506506506507,0.05205205205205205,0.02702702702702703,0.03403403403403403,0.043043043043043044
300,300,0.1881881881881882,0.2732732732732733,0.22322322322322322,0.11511511511511512,0.12212212212212212,0.11211211211211211
301,301,0.19119119119119118,0.05205205205205205,0.05305305305305305,0.0920920920920921,0.12112112112112113,0.0920920920920921
302,302,0.10710710710710711,0.056056056056056056,0.06306306306306306,0.18018018018018017,0.057057057057057055,0.13513513513513514
303,303,0.055055055055055056,0.04704704704704705,0.006006006006006006,0.06406406406406406,0.03203203203203203,0.018018018018018018
304,304,0.043043043043043044,0.04004004004004004,0.08408408408408408,0.2032032032032032,0.07807807807807808,0.16116116116116116
305,305,0.003003003003003003,0.028028028028028028,0.001001001001001001,0.28128128128128127,0.002002002002002002,0.003003003003003003
306,306,0.02102102102102102,0.017017017017017015,0.005005005005005005,0.08108108108108109,0.024024024024024024,0.003003003003003003
307,307,0.062062062062062065,0.08408408408408408,0.0920920920920921,0.13813813813813813,0.06506506506506507,0.04904904904904905
308,308,0.01001001001001001,0.001001001001001001,0.004004004004004004,0.004004004004004004,0.03203203203203203,0.003003003003003003
309,309,0.07107107107107107,0.0890890890890891,0.2112112112112112,0.12612612612612611,0.05405405405405406,0.13913913913913914
310,310,0.011011011011011011,0.009009009009009009,0.022022022022022022,0.26726726726726724,0.03003003003003003,0.17617617617617617
311,311,0.036036036036036036,0.07207207207207207,0.037037037037037035,0.09109109109109109,0.024024024024024024,0.06706706706706707
312,312,0.002002002002002002,0.014014014014014014,0.001001001001001001,0.03203203203203203,0.001001001001001001,0.002002002002002002
313,313,0.22822822822822822,0.3663663663663664,0.34034034034034033,0.11811811811811812,0.12012012012012012,0.056056056056056056
314,314,0.04504504504504504,0.002002002002002002,0.004004004004004004,0.04604604604604605,0.06806806806806806,0.026026026026026026
315,315,0.09009009009009009,0.011011011011011011,0.037037037037037035,0.25825825825825827,0.043043043043043044,0.10010010010010009
316,316,0.003003003003003003,0.002002002002002002,0.002002002002002002,0.002002002002002002,0.001001001001001001,0.011011011011011011
317,317,0.002002002002002002,0.003003003003003003,0.004004004004004004,0.002002002002002002,0.003003003003003003,0.03903903903903904
318,318,0.08408408408408408,0.06506506506506507,0.03903903903903904,0.07107107107107107,0.07007007007007007,0.055055055055055056
319,319,0.001001001001001001,0.001001001001001001,0.001001001001001001,0.002002002002002002,0.002002002002002002,0.006006006006006006
320,320,0.03403403403403403,0.06806806806806806,0.11811811811811812,0.1961961961961962,0.1041041041041041,0.16916916916916916
321,321,0.008008008008008008,0.007007007007007007,0.012012012012012012,0.009009009009009009,0.006006006006006006,0.017017017017017015
322,322,0.002002002002002002,0.003003003003003003,0.002002002002002002,0.001001001001001001,0.001001001001001001,0.001001001001001001
323,323,0.005005005005005005,0.009009009009009009,0.005005005005005005,0.004004004004004004,0.003003003003003003,0.003003003003003003
324,324,0.13113113113113112,0.0970970970970971,0.25325325325325326,0.19019019019019018,0.1111111111111111,0.15515515515515516
325,325,0.05105105105105105,0.06406406406406406,0.08108108108108109,0.08208208208208208,0.037037037037037035,0.1111111111111111
326,326,0.1961961961961962,0.16516516516516516,0.1841841841841842,0.25425425425425424,0.15015015015015015,0.16316316316316315
327,327,0.002002002002002002,0.001001001001001001,0.001001001001001001,0.001001001001001001,0.006006006006006006,0.001001001001001001
328,328,0.18118118118118118,0.17417417417417416,0.24724724724724725,0.27127127127127126,0.2822822822822823,0.2772772772772773
329,329,0.05905905905905906,0.07207207207207207,0.16516516516516516,0.22122122122122123,0.15615615615615616,0.1041041041041041
330,330,0.018018018018018018,0.017017017017017015,0.002002002002002002,0.007007007007007007,0.017017017017017015,0.001001001001001001
331,331,0.015015015015015015,0.016016016016016016,0.05205205205205205,0.10810810810810811,0.04604604604604605,0.055055055055055056
332,332,0.04104104104104104,0.008008008008008008,0.06806806806806806,0.2222222222222222,0.06006006006006006,0.21921921921921922
333,333,0.004004004004004004,0.002002002002002002,0.001001001001001001,0.003003003003003003,0.007007007007007007,0.002002002002002002
334,334,0.013013013013013013,0.011011011011011011,0.002002002002002002,0.056056056056056056,0.004004004004004004,0.02102102102102102
335,335,0.004004004004004004,0.002002002002002002,0.002002002002002002,0.007007007007007007,0.002002002002002002,0.011011011011011011
336,336,0.015015015015015015,0.02002002002002002,0.029029029029029027,0.022022022022022022,0.015015015015015015,0.04504504504504504
337,337,0.16916916916916916,0.10010010010010009,0.5375375375375375,0.0890890890890891,0.23423423423423423,0.11211211211211211
338,338,0.03003003003003003,0.05305305305305305,0.031031031031031032,0.13313313313313313,0.08108108108108109,0.2772772772772773
339,339,0.3213213213213213,0.3963963963963964,0.28428428428428426,0.36236236236236236,0.13313313313313313,0.24324324324324323
340,340,0.007007007007007007,0.005005005005005005,0.001001001001001001,0.05105105105105105,0.004004004004004004,0.07007007007007007
341,341,0.10510510510510511,0.022022022022022022,0.12512512512512514,0.26626626626626626,0.004004004004004004,0.009009009009009009
342,342,0.008008008008008008,0.018018018018018018,0.004004004004004004,0.004004004004004004,0.002002002002002002,0.004004004004004004
343,343,0.001001001001001001,0.001001001001001001,0.001001001001001001,0.03303303303303303,0.001001001001001001,0.001001001001001001
344,344,0.1921921921921922,0.2082082082082082,0.3013013013013013,0.3923923923923924,0.1831831831831832,0.3163163163163163
345,345,0.037037037037037035,0.037037037037037035,0.015015015015015015,0.21521521521521522,0.050050050050050046,0.06806806806806806
346,346,0.014014014014014014,0.011011011011011011,0.03003003003003003,0.005005005005005005,0.015015015015015015,0.015015015015015015
347,347,0.04904904904904905,0.002002002002002002,0.002002002002002002,0.03803803803803804,0.003003003003003003,0.002002002002002002
348,348,0.2042042042042042,0.19019019019019018,0.09309309309309309,0.3833833833833834,0.12812812812812813,0.23223223223223222
349,349,0.001001001001001001,0.001001001001001001,0.001001001001001001,0.001001001001001001,0.003003003003003003,0.001001001001001001
350,350,0.043043043043043044,0.035035035035035036,0.2032032032032032,0.10010010010010009,0.036036036036036036,0.0920920920920921
351,351,0.002002002002002002,0.001001001001001001,0.002002002002002002,0.003003003003003003,0.002002002002002002,0.004004004004004004
352,352,0.043043043043043044,0.1111111111111111,0.031031031031031032,0.05105105105105105,0.024024024024024024,0.022022022022022022
353,353,0.04104104104104104,0.023023023023023025,0.017017017017017015,0.14814814814814814,0.008008008008008008,0.10010010010010009
354,354,0.037037037037037035,0.035035035035035036,0.012012012012012012,0.02002002002002002,0.002002002002002002,0.04504504504504504
355,355,0.03203203203203203,0.03303303303303303,0.02002002002002002,0.04504504504504504,0.023023023023023025,0.06706706706706707
356,356,0.0970970970970971,0.2092092092092092,0.2172172172172172,0.44044044044044045,0.21921921921921922,0.3083083083083083
357,357,0.002002002002002002,0.001001001001001001,0.011011011011011011,0.004004004004004004,0.004004004004004004,0.007007007007007007
358,358,0.27627627627627627,0.12412412412412413,0.17117117117117117,0.001001001001001001,0.001001001001001001,0.001001001001001001
359,359,0.03803803803803804,0.043043043043043044,0.04104104104104104,0.06506506506506507,0.06006006006006006,0.0890890890890891
360,360,0.06606606606606606,0.04004004004004004,0.08108108108108109,0.05105105105105105,0.028028028028028028,0.07407407407407407
361,361,0.03003003003003003,0.01901901901901902,0.04704704704704705,0.03203203203203203,0.025025025025025023,0.023023023023023025
362,362,0.03303303303303303,0.09109109109109109,0.08608608608608609,0.06306306306306306,0.1041041041041041,0.11811811811811812
363,363,0.004004004004004004,0.001001001001001001,0.002002002002002002,0.015015015015015015,0.004004004004004004,0.003003003003003003
364,364,0.055055055055055056,0.044044044044044044,0.3783783783783784,0.3713713713713714,0.057057057057057055,0.07107107107107107
365,365,0.006006006006006006,0.005005005005005005,0.001001001001001001,0.006006006006006006,0.001001001001001001,0.01001001001001001
366,366,0.003003003003003003,0.005005005005005005,0.01001001001001001,0.002002002002002002,0.04804804804804805,0.016016016016016016
367,367,0.001001001001001001,0.001001001001001001,0.003003003003003003,0.005005005005005005,0.002002002002002002,0.001001001001001001
368,368,0.018018018018018018,0.028028028028028028,0.02702702702702703,0.4164164164164164,0.043043043043043044,0.07607607607607608
369,369,0.1021021021021021,0.2822822822822823,0.6376376376376376,0.6696696696696697,0.25125125125125125,0.2912912912912913
370,370,0.25725725725725723,0.28128128128128127,0.13613613613613612,0.1931931931931932,0.18018018018018017,0.32932932932932935
371,371,0.7287287287287287,0.2072072072072072,0.5465465465465466,0.22322322322322322,0.21521521521521522,0.5985985985985985
372,372,0.13713713713713713,0.13413413413413414,0.12812812812812813,0.5355355355355356,0.17017017017017017,0.3943943943943944
373,373,0.13213213213213212,0.11311311311311312,0.5575575575575575,0.2502502502502503,0.08308308308308308,0.2092092092092092
374,374,0.08108108108108109,0.1021021021021021,0.1881881881881882,0.055055055055055056,0.03203203203203203,0.06106106106106106
375,375,0.002002002002002002,0.003003003003003003,0.002002002002002002,0.003003003003003003,0.022022022022022022,0.003003003003003003
376,376,0.001001001001001001,0.004004004004004004,0.002002002002002002,0.003003003003003003,0.001001001001001001,0.02702702702702703
377,377,0.001001001001001001,0.002002002002002002,0.004004004004004004,0.002002002002002002,0.014014014014014014,0.015015015015015015
378,378,0.003003003003003003,0.003003003003003003,0.005005005005005005,0.002002002002002002,0.003003003003003003,0.001001001001001001
379,379,0.023023023023023025,0.07007007007007007,0.035035035035035036,0.3003003003003003,0.23423423423423423,0.17117117117117117
380,380,0.14414414414414414,0.025025025025025023,0.037037037037037035,0.19019019019019018,0.055055055055055056,0.07607607607607608
381,381,0.003003003003003003,0.003003003003003003,0.002002002002002002,0.002002002002002002,0.007007007007007007,0.003003003003003003
382,382,0.10710710710710711,0.11211211211211211,0.4124124124124124,0.14314314314314314,0.03203203203203203,0.04904904904904905
383,383,0.002002002002002002,0.003003003003003003,0.001001001001001001,0.001001001001001001,0.001001001001001001,0.001001001001001001
384,384,0.013013013013013013,0.014014014014014014,0.058058058058058054,0.02702702702702703,0.024024024024024024,0.02102102102102102
385,385,0.001001001001001001,0.001001001001001001,0.002002002002002002,0.004004004004004004,0.015015015015015015,0.002002002002002002
386,386,0.1091091091091091,0.1091091091091091,0.02702702702702703,0.07507507507507508,0.06506506506506507,0.07507507507507508
387,387,0.004004004004004004,0.01001001001001001,0.009009009009009009,0.004004004004004004,0.01001001001001001,0.014014014014014014
388,388,0.06906906906906907,0.11211211211211211,0.06606606606606606,0.1921921921921922,0.04504504504504504,0.08808808808808809
389,389,0.016016016016016016,0.13913913913913914,0.11311311311311312,0.0940940940940941,0.04904904904904905,0.07707707707707707
390,390,0.1031031031031031,0.11011011011011011,0.17117117117117117,0.16716716716716717,0.12612612612612611,0.3123123123123123
391,391,0.01001001001001001,0.007007007007007007,0.029029029029029027,0.009009009009009009,0.011011011011011011,0.006006006006006006
392,392,0.03803803803803804,0.05405405405405406,0.043043043043043044,0.1011011011011011,0.0970970970970971,0.05105105105105105
393,393,0.025025025025025023,0.012012012012012012,0.005005005005005005,0.012012012012012012,0.023023023023023025,0.07707707707707707
394,394,0.001001001001001001,0.004004004004004004,0.003003003003003003,0.003003003003003003,0.002002002002002002,0.007007007007007007
395,395,0.008008008008008008,0.007007007007007007,0.02002002002002002,0.004004004004004004,0.007007007007007007,0.036036036036036036
396,396,0.001001001001001001,0.001001001001001001,0.003003003003003003,0.001001001001001001,0.001001001001001001,0.001001001001001001
397,397,0.057057057057057055,0.08008008008008008,0.003003003003003003,0.013013013013013013,0.08808808808808809,0.036036036036036036
398,398,0.17617617617617617,0.18018018018018017,0.2922922922922923,0.2182182182182182,0.1941941941941942,0.2982982982982983
399,399,0.011011011011011011,0.007007007007007007,0.003003003003003003,0.001001001001001001,0.002002002002002002,0.006006006006006006
400,400,0.06806806806806806,0.08608608608608609,0.25425425425425424,0.35535535535535534,0.24724724724724725,0.21521521521521522
401,401,0.15015015015015015,0.07407407407407407,0.11311311311311312,0.4694694694694695,0.12212212212212212,0.22122122122122123
402,402,0.06006006006006006,0.003003003003003003,0.004004004004004004,0.27927927927927926,0.001001001001001001,0.001001001001001001
403,403,0.035035035035035036,0.07407407407407407,0.058058058058058054,0.11711711711711711,0.06106106106106106,0.058058058058058054
404,404,0.07507507507507508,0.07507507507507508,0.38238238238238237,0.23323323323323322,0.06506506506506507,0.34534534534534533
405,405,0.056056056056056056,0.03003003003003003,0.04704704704704705,0.11311311311311312,0.0970970970970971,0.12212212212212212
406,406,0.19519519519519518,0.22922922922922923,0.08608608608608609,0.16016016016016016,0.07807807807807808,0.07207207207207207
407,407,0.04204204204204204,0.10010010010010009,0.03403403403403403,0.17017017017017017,0.03903903903903904,0.11511511511511512
408,408,0.19519519519519518,0.24924924924924924,0.3993993993993994,0.3283283283283283,0.28428428428428426,0.3153153153153153
409,409,0.04804804804804805,0.03203203203203203,0.008008008008008008,0.04904904904904905,0.01901901901901902,0.009009009009009009
410,410,0.06806806806806806,0.03903903903903904,0.022022022022022022,0.19119119119119118,0.05105105105105105,0.2182182182182182
411,411,0.015015015015015015,0.024024024024024024,0.006006006006006006,0.01901901901901902,0.08308308308308308,0.003003003003003003
412,412,0.018018018018018018,0.02002002002002002,0.004004004004004004,0.012012012012012012,0.03403403403403403,0.028028028028028028
413,413,0.015015015015015015,0.03203203203203203,0.04804804804804805,0.14414414414414414,0.07807807807807808,0.13813813813813813
414,414,0.014014014014014014,0.03203203203203203,0.003003003003003003,0.001001001001001001,0.003003003003003003,0.007007007007007007
415,415,0.022022022022022022,0.03303303303303303,0.02102102102102102,0.012012012012012012,0.004004004004004004,0.03803803803803804
416,416,0.2912912912912913,0.029029029029029027,0.003003003003003003,0.02002002002002002,0.07707707707707707,0.031031031031031032
417,417,0.07807807807807808,0.12912912912912913,0.07607607607607608,0.07407407407407407,0.06006006006006006,0.055055055055055056
418,418,0.006006006006006006,0.004004004004004004,0.02702702702702703,0.005005005005005005,0.023023023023023025,0.007007007007007007
419,419,0.007007007007007007,0.007007007007007007,0.007007007007007007,0.009009009009009009,0.035035035035035036,0.007007007007007007
420,420,0.011011011011011011,0.009009009009009009,0.02002002002002002,0.022022022022022022,0.016016016016016016,0.012012012012012012
421,421,0.001001001001001001,0.001001001001001001,0.001001001001001001,0.003003003003003003,0.002002002002002002,0.001001001001001001
422,422,0.14614614614614616,0.0890890890890891,0.06006006006006006,0.015015015015015015,0.024024024024024024,0.02102102102102102
423,423,0.04804804804804805,0.02102102102102102,0.002002002002002002,0.24424424424424424,0.018018018018018018,0.003003003003003003
424,424,0.006006006006006006,0.009009009009009009,0.2062062062062062,0.04704704704704705,0.006006006006006006,0.007007007007007007
425,425,0.10010010010010009,0.07407407407407407,0.3303303303303303,0.44744744744744747,0.21921921921921922,0.44644644644644643
426,426,0.09309309309309309,0.11911911911911911,0.26126126126126126,0.2972972972972973,0.16416416416416416,0.21921921921921922
427,427,0.014014014014014014,0.03003003003003003,0.016016016016016016,0.13913913913913914,0.01901901901901902,0.04104104104104104
428,428,0.04004004004004004,0.05205205205205205,0.016016016016016016,0.08108108108108109,0.03303303303303303,0.062062062062062065
429,429,0.002002002002002002,0.002002002002002002,0.001001001001001001,0.001001001001001001,0.02002002002002002,0.003003003003003003
430,430,0.12812812812812813,0.2552552552552553,0.1941941941941942,0.035035035035035036,0.006006006006006006,0.056056056056056056
431,431,0.028028028028028028,0.03003003003003003,0.017017017017017015,0.057057057057057055,0.028028028028028028,0.031031031031031032
432,432,0.018018018018018018,0.02002002002002002,0.007007007007007007,0.036036036036036036,0.023023023023023025,0.031031031031031032
433,433,0.001001001001001001,0.001001001001001001,0.001001001001001001,0.015015015015015015,0.002002002002002002,0.001001001001001001
434,434,0.13213213213213212,0.3883883883883884,0.08308308308308308,0.20020020020020018,0.031031031031031032,0.06106106106106106
435,435,0.17317317317317318,0.16716716716716717,0.27427427427427425,0.0940940940940941,0.18618618618618618,0.14614614614614616
436,436,0.08708708708708708,0.13813813813813813,0.057057057057057055,0.12812812812812813,0.0940940940940941,0.15715715715715717
437,437,0.06706706706706707,0.2922922922922923,0.013013013013013013,0.27127127127127126,0.05305305305305305,0.3483483483483483
438,438,0.014014014014014014,0.024024024024024024,0.07507507507507508,0.06306306306306306,0.02702702702702703,0.025025025025025023
439,439,0.009009009009009009,0.005005005005005005,0.013013013013013013,0.011011011011011011,0.008008008008008008,0.017017017017017015
440,440,0.07407407407407407,0.07107107107107107,0.04104104104104104,0.08808808808808809,0.028028028028028028,0.07307307307307308
441,441,0.023023023023023025,0.02102102102102102,0.002002002002002002,0.04704704704704705,0.002002002002002002,0.024024024024024024
442,442,0.01001001001001001,0.03303303303303303,0.04804804804804805,0.0940940940940941,0.023023023023023025,0.022022022022022022
443,443,0.11011011011011011,0.07407407407407407,0.3893893893893894,0.07507507507507508,0.08008008008008008,0.13713713713713713
444,444,0.07907907907907907,0.06106106106106106,0.002002002002002002,0.0920920920920921,0.01901901901901902,0.026026026026026026
445,445,0.058058058058058054,0.036036036036036036,0.02702702702702703,0.1921921921921922,0.008008008008008008,0.11911911911911911
446,446,0.09509509509509509,0.07507507507507508,0.15015015015015015,0.12112112112112113,0.044044044044044044,0.03203203203203203
447,447,0.04104104104104104,0.04804804804804805,0.03203203203203203,0.08108108108108109,0.04904904904904905,0.1041041041041041
448,448,0.1891891891891892,0.19019019019019018,0.5915915915915916,0.3733733733733734,0.2752752752752753,0.4924924924924925
449,449,0.28128128128128127,0.2862862862862863,0.5635635635635635,0.6136136136136137,0.3263263263263263,0.3943943943943944
450,450,0.001001001001001001,0.002002002002002002,0.002002002002002002,0.001001001001001001,0.001001001001001001,0.003003003003003003
451,451,0.02102102102102102,0.03803803803803804,0.06406406406406406,0.1031031031031031,0.09109109109109109,0.08008008008008008
452,452,0.002002002002002002,0.001001001001001001,0.001001001001001001,0.001001001001001001,0.002002002002002002,0.006006006006006006
453,453,0.011011011011011011,0.009009009009009009,0.011011011011011011,0.04704704704704705,0.008008008008008008,0.01001001001001001
454,454,0.08208208208208208,0.018018018018018018,0.017017017017017015,0.024024024024024024,0.002002002002002002,0.003003003003003003
455,455,0.04604604604604605,0.06906906906906907,0.016016016016016016,0.05105105105105105,0.055055055055055056,0.05405405405405406
456,456,0.005005005005005005,0.18018018018018017,0.35035035035035034,0.015015015015015015,0.014014014014014014,0.15915915915915915
457,457,0.07007007007007007,0.06606606606606606,0.01901901901901902,0.028028028028028028,0.008008008008008008,0.004004004004004004
458,458,0.04904904904904905,0.07707707707707707,0.16116116116116116,0.06006006006006006,0.04904904904904905,0.06106106106106106
459,459,0.28928928928928926,0.4574574574574575,0.5375375375375375,0.21921921921921922,0.25125125125125125,0.9409409409409409
460,460,0.06006006006006006,0.013013013013013013,0.03003003003003003,0.017017017017017015,0.018018018018018018,0.005005005005005005
461,461,0.001001001001001001,0.001001001001001001,0.001001001001001001,0.003003003003003003,0.003003003003003003,0.005005005005005005
462,462,0.014014014014014014,0.013013013013013013,0.005005005005005005,0.14114114114114115,0.04604604604604605,0.022022022022022022
463,463,0.13713713713713713,0.1031031031031031,0.062062062062062065,0.2222222222222222,0.04504504504504504,0.017017017017017015
464,464,0.02102102102102102,0.03903903903903904,0.002002002002002002,0.03203203203203203,0.02002002002002002,0.017017017017017015
465,465,0.015015015015015015,0.003003003003003003,0.006006006006006006,0.2822822822822823,0.008008008008008008,0.004004004004004004
466,466,0.02702702702702703,0.031031031031031032,0.057057057057057055,0.06706706706706707,0.01901901901901902,0.026026026026026026
467,467,0.1841841841841842,0.2032032032032032,0.12412412412412413,0.14214214214214213,0.0890890890890891,0.11211211211211211
468,468,0.006006006006006006,0.002002002002002002,0.007007007007007007,0.015015015015015015,0.03903903903903904,0.002002002002002002
469,469,0.2112112112112112,0.17617617617617617,0.057057057057057055,0.011011011011011011,0.06606606606606606,0.017017017017017015
470,470,0.1091091091091091,0.04704704704704705,0.12212212212212212,0.0970970970970971,0.06106106106106106,0.04704704704704705
471,471,0.015015015015015015,0.001001001001001001,0.001001001001001001,0.007007007007007007,0.002002002002002002,0.007007007007007007
472,472,0.18118118118118118,0.10510510510510511,0.0970970970970971,0.3783783783783784,0.08708708708708708,0.18618618618618618
473,473,0.02002002002002002,0.015015015015015015,0.009009009009009009,0.01901901901901902,0.006006006006006006,0.02102102102102102
474,474,0.004004004004004004,0.015015015015015015,0.009009009009009009,0.04704704704704705,0.005005005005005005,0.008008008008008008
475,475,0.018018018018018018,0.03203203203203203,0.05305305305305305,0.044044044044044044,0.031031031031031032,0.04704704704704705
476,476,0.7837837837837838,0.5045045045045045,0.5975975975975976,0.4624624624624625,0.4034034034034034,0.7777777777777778
477,477,0.12712712712712712,0.11011011011011011,0.13513513513513514,0.2552552552552553,0.13213213213213212,0.21021021021021022
478,478,0.004004004004004004,0.003003003003003003,0.005005005005005005,0.002002002002002002,0.002002002002002002,0.004004004004004004
479,479,0.04004004004004004,0.004004004004004004,0.003003003003003003,0.001001001001001001,0.003003003003003003,0.001001001001001001
480,480,0.1041041041041041,0.12212212212212212,0.035035035035035036,0.043043043043043044,0.0960960960960961,0.29429429429429427
481,481,0.06006006006006006,0.03303303303303303,0.12612612612612611,0.3113113113113113,0.07107107107107107,0.04904904904904905
482,482,0.018018018018018018,0.016016016016016016,0.012012012012012012,0.056056056056056056,0.022022022022022022,0.009009009009009009
483,483,0.002002002002002002,0.002002002002002002,0.008008008008008008,0.003003003003003003,0.006006006006006006,0.003003003003003003
484,484,0.044044044044044044,0.001001001001001001,0.001001001001001001,0.022022022022022022,0.002002002002002002,0.003003003003003003
485,485,0.11811811811811812,0.15215215215215216,0.14514514514514515,0.13413413413413414,0.13813813813813813,0.3033033033033033
486,486,0.03803803803803804,0.006006006006006006,0.004004004004004004,0.026026026026026026,0.02102102102102102,0.012012012012012012
487,487,0.05305305305305305,0.1021021021021021,0.050050050050050046,0.4174174174174174,0.08408408408408408,0.7027027027027027
488,488,0.005005005005005005,0.007007007007007007,0.004004004004004004,0.006006006006006006,0.003003003003003003,0.005005005005005005
489,489,0.011011011011011011,0.015015015015015015,0.02002002002002002,0.0940940940940941,0.003003003003003003,0.016016016016016016
490,490,0.03003003003003003,0.037037037037037035,0.05305305305305305,0.09309309309309309,0.055055055055055056,0.07507507507507508
491,491,0.15915915915915915,0.1041041041041041,0.12112112112112113,0.13013013013013014,0.09309309309309309,0.11711711711711711
492,492,0.2032032032032032,0.22622622622622623,0.2182182182182182,0.2012012012012012,0.1961961961961962,0.15815815815815815
493,493,0.013013013013013013,0.036036036036036036,0.005005005005005005,0.01001001001001001,0.02002002002002002,0.006006006006006006
494,494,0.13213213213213212,0.1021021021021021,0.16416416416416416,0.17317317317317318,0.13613613613613612,0.2882882882882883
495,495,0.10010010010010009,0.08008008008008008,0.031031031031031032,0.07907907907907907,0.04204204204204204,0.21621621621621623
496,496,0.013013013013013013,0.017017017017017015,0.013013013013013013,0.044044044044044044,0.16716716716716717,0.057057057057057055
497,497,0.005005005005005005,0.004004004004004004,0.001001001001001001,0.012012012012012012,0.002002002002002002,0.002002002002002002
498,498,0.028028028028028028,0.018018018018018018,0.024024024024024024,0.03003003003003003,0.06706706706706707,0.07107107107107107
499,499,0.007007007007007007,0.03303303303303303,0.006006006006006006,0.007007007007007007,0.006006006006006006,0.013013013013013013
